v_mean,v_std,v_min,v_max,v_rms,v_thd,v_crest,v_skew,f_dev_mean,f_std,f_min_dev,f_max_dev,f_roc_mean,f_roc_max,f_skew,f_range,p_mean,p_std,q_mean,s_mean,pf_mean,pf_std,p_max,p_min,i_mean,i_std,i_rms,i_thd,dt_mean,dt_std,missed_pkts,dt_max,label,attack_name,split
0.77395606,0.43887845,0.85859793,0.697368,0.09417735,0.97562236,0.7611397,0.7860643,0.12811363,0.45038593,0.37079802,0.92676497,0.6438651,0.8227616,0.4434142,0.22723871,0.5545848,0.063817255,0.8276312,0.6316644,0.75808775,0.35452595,0.970698,0.8931211,0.7783835,0.19463871,0.466721,0.043803766,0.1542895,0.68304896,0.7447622,0.96750975,5,Meas_Manipulation,train
0.32582536,0.3704597,0.46955582,0.18947136,0.12992151,0.47570494,0.22690935,0.669814,0.4371519,0.8326782,0.7002651,0.31236663,0.8322598,0.80476433,0.38747838,0.2883281,0.6824955,0.13975248,0.1999082,0.00736227,0.78692436,0.66485083,0.7051654,0.78072906,0.45891577,0.5687412,0.139797,0.11453007,0.66840297,0.47109622,0.5652361,0.76499885,0,Normal,train
0.6347183,0.5535794,0.55920714,0.3039501,0.030817835,0.4367174,0.21458468,0.40852866,0.8534031,0.23393948,0.05830274,0.2813839,0.29359376,0.6619165,0.55703217,0.78389823,0.66431355,0.40638685,0.8140204,0.16697292,0.022712072,0.09004786,0.72235936,0.46187723,0.16127178,0.50104475,0.1523121,0.69632035,0.44615626,0.38102123,0.3015121,0.6302826,1,FDI,train
0.36181262,0.08764992,0.1180059,0.9618977,0.9085807,0.69970715,0.26586998,0.96917635,0.7787509,0.7168902,0.4493615,0.27224156,0.09639096,0.9026024,0.4557763,0.20236337,0.30595663,0.5792196,0.17677279,0.8566143,0.75851953,0.71946293,0.43209305,0.62730885,0.584098,0.6498466,0.08444432,0.4158074,0.041614175,0.4939908,0.32986122,0.14452419,1,FDI,train
0.103402965,0.5876446,0.17059296,0.9251201,0.5810611,0.3468698,0.5909155,0.022803871,0.9585592,0.48230344,0.7827352,0.08273,0.48665833,0.49070698,0.93782645,0.57172805,0.4734894,0.26697567,0.331569,0.5206724,0.43891147,0.02161208,0.8262919,0.8961608,0.14024909,0.55403614,0.10857574,0.6722401,0.2812338,0.65942264,0.72699463,0.7686475,0,Normal,train
0.107740946,0.91601187,0.23021398,0.037412558,0.5548525,0.3709223,0.82978976,0.8082515,0.31713888,0.9528994,0.29091784,0.51505715,0.25596508,0.93604356,0.16460782,0.04491062,0.43509707,0.99237555,0.89167726,0.748608,0.8907925,0.8934466,0.5188584,0.31592906,0.7720124,0.66166127,0.37365773,0.09446667,0.74678963,0.26246053,0.9368132,0.24097058,0,Normal,train
0.122757934,0.8311127,0.15328431,0.17926832,0.5993828,0.874562,0.19643466,0.3103237,0.77740484,0.97182643,0.5007412,0.1438975,0.013936288,0.22965603,0.13182221,0.6776587,0.121832505,0.50632995,0.69426244,0.5811166,0.19977565,0.80412453,0.71540713,0.738984,0.13105775,0.1237538,0.92756253,0.39757818,0.30094868,0.48858404,0.6628642,0.95562327,0,Normal,train
0.2864462,0.92480844,0.024859492,0.555198,0.6339751,0.105897404,0.1403396,0.41911432,0.9662319,0.5960426,0.9330232,0.8043609,0.4673816,0.78476346,0.017836783,0.109143995,0.8294286,0.79681706,0.23264074,0.5307696,0.6060158,0.86773896,0.60310715,0.41257158,0.37418404,0.4258821,0.65193105,0.86749065,0.45389688,0.24783957,0.23666236,0.7460143,3,GPS_Spoofing,train
0.8165688,0.10527808,0.06655886,0.59443367,0.14617324,0.8246642,0.31033468,0.14387193,0.9209705,0.16553172,0.2847201,0.15361339,0.115490064,0.021148017,0.05539541,0.17464148,0.05338193,0.5911438,0.68071455,0.39363045,0.3179911,0.50452626,0.87500495,0.8511316,0.04347506,0.18149841,0.23674487,0.24938758,0.5712327,0.41626242,0.04925412,0.37361413,0,Normal,train
0.5237529,0.101671904,0.83345854,0.051961865,0.9248419,0.099113144,0.84357494,0.90265316,0.9795707,0.80202585,0.77947754,0.6424833,0.77899635,0.13455221,0.536068,0.51422286,0.85757214,0.46279937,0.3850895,0.63956326,0.2664633,0.1397684,0.47787726,0.41688937,0.23256995,0.3675118,0.36639246,0.32749557,0.3794641,0.68574333,0.29687646,0.9488579,1,FDI,train
0.91634804,0.48091042,0.3283612,0.5354348,0.8485605,0.65258735,0.8043918,0.5327223,0.63291764,0.28815562,0.73489314,0.20240459,0.6947981,0.8607191,0.13210283,0.61437976,0.095095746,0.72571564,0.08449322,0.93593985,0.13740793,0.95888025,0.8008842,0.593682,0.7826241,0.7951148,0.94602704,0.25338337,0.5900759,0.095049195,0.6161657,0.1712913,0,Normal,train
0.5649506,0.5724305,0.46598515,0.52263176,0.7639234,0.7992447,0.49215323,0.59959346,0.9312362,0.11973359,0.11710357,0.08770901,0.65786326,0.4186083,0.77432144,0.6712314,0.33363774,0.8983666,0.7625322,0.27053493,0.364192,0.31443998,0.15761165,0.14778337,0.9361275,0.43790403,0.38331982,0.7296857,0.55299306,0.93614,0.7803015,0.47936955,4,Replay,train
0.37635946,0.9866316,0.71776026,0.95119464,0.118478574,0.85053366,0.6370739,0.12192168,0.588258,0.6860964,0.0123026855,0.45431796,0.8253995,0.29535902,0.45854807,0.44231412,0.3019274,0.9184419,0.78129405,0.11058841,0.99703467,0.87920004,0.28390843,0.8368966,0.10641953,0.99910474,0.66568476,0.650125,0.09044073,0.8970334,0.028999504,0.24082805,3,GPS_Spoofing,train
0.14302188,0.77676797,0.19820423,0.9106382,0.656269,0.03616271,0.005429834,0.05165792,0.6059252,0.8014818,0.23855282,0.84940886,0.05723194,0.8009639,0.9277954,0.7721084,0.6981208,0.8379802,0.040151298,0.2017821,0.124923676,0.50453097,0.7451881,0.63001186,0.8511311,0.155213,0.7346211,0.19304149,0.27075875,0.7099047,0.98020476,0.6115436,5,Meas_Manipulation,train
0.054500315,0.616309,0.042350553,0.88414574,0.7095783,0.17312784,0.091721006,0.18353322,0.9800272,0.45856065,0.7840809,0.6364083,0.57241315,0.14513026,0.9460245,0.30134264,0.57801723,0.69977593,0.64923316,0.94059443,0.14843899,0.50835276,0.40403438,0.47416872,0.11921753,0.13409461,0.27807555,0.3047046,0.4279032,0.61098754,0.63462913,0.4118109,0,Normal,train
0.4087831,0.21762852,0.58830625,0.31704092,0.036059834,0.41840005,0.4741327,0.22559287,0.5724579,0.5657719,0.70200217,0.6479485,0.65243304,0.31621414,0.7874322,0.5491444,0.43141818,0.6260125,0.36065733,0.51273924,0.73670566,0.8864029,0.9210572,0.5036329,0.5202751,0.79987043,0.31445068,0.8373824,0.49414164,0.11585672,0.07205915,0.8419932,1,FDI,train
0.055567916,0.28061143,0.33413005,0.17299445,0.31389338,0.7426926,0.014682843,0.8271734,0.856548,0.37226158,0.1536129,0.6008404,0.11967256,0.36491936,0.95842916,0.99546444,0.7721049,0.3109615,0.68766505,0.70540637,0.3878417,0.64088863,0.010727645,0.20905766,0.5250883,0.1637513,0.16590686,0.8363043,0.989133,0.5559694,0.8390697,0.99032164,2,DoS,train
0.14159589,0.4482456,0.3925727,0.080049284,0.75533015,0.43377903,0.46932694,0.15067297,0.18092665,0.9071036,0.04464909,0.23285228,0.29205933,0.49019754,0.58644515,0.49328998,0.084115334,0.24366745,0.8435884,0.6375887,0.64914906,0.67020327,0.76290303,0.058108483,0.36660838,0.5395274,0.33845648,0.84447885,0.4825725,0.7686276,0.8520155,0.5047915,3,GPS_Spoofing,train
0.9095522,0.58712393,0.8502743,0.3405908,0.49881697,0.53141105,0.104979716,0.3985525,0.91733766,0.63083225,0.17750658,0.33885562,0.191603,0.024823131,0.92746043,0.44820732,0.30753508,0.5984772,0.007314456,0.2780221,0.70303345,0.63376975,0.9818059,0.6203577,0.47750586,0.7614326,0.9033279,0.720696,0.96321124,0.7820052,0.86680144,0.11410407,0,Normal,train
0.73241353,0.4400887,0.5531038,0.6541024,0.96981514,0.9845781,0.28822824,0.7337535,0.74998355,0.34649286,0.12386978,0.04094696,0.77734315,0.48969975,0.98554015,0.46497345,0.97791696,0.411576,0.79368216,0.08481927,0.5554617,0.80205977,0.9247017,0.8225831,0.036970727,0.37270233,0.048698474,0.10928229,0.6753056,0.7132582,0.7737207,0.8654565,1,FDI,train
0.73943144,0.8008716,0.04896371,0.23453516,0.62189776,0.8581253,0.004500125,0.51462936,0.6772874,0.029607289,0.40135556,0.8956349,0.6716128,0.23765837,0.8527811,0.34803143,0.8533447,0.29894364,0.5903202,0.39694008,0.27482504,0.8865576,0.18759368,0.08481159,0.34192693,0.71763915,0.8074316,0.99874336,0.29636204,0.40794194,0.13682128,0.57487196,2,DoS,train
0.99758005,0.700881,0.5952128,0.3923691,0.91529876,0.4969166,0.13436691,0.36537847,0.06716667,0.20197904,0.017668782,0.4532799,0.63454026,0.34329247,0.42038178,0.95920926,0.75196314,0.54085666,0.28454086,0.8969968,0.23509711,0.32534274,0.9090648,0.529542,0.742318,0.5907448,0.6534392,0.29938328,0.24137206,0.32249236,0.15544157,0.87431437,0,Normal,train
0.28324693,0.5614894,0.7919744,0.7838241,0.43838626,0.4762573,0.99470174,0.6745975,0.81463844,0.902554,0.78758985,0.18517934,0.56217074,0.101894155,0.65292215,0.95534945,0.5127321,0.4329725,0.03584275,0.9597745,0.10300268,0.041079093,0.24606661,0.065530434,0.45511785,0.51608783,0.31256995,0.05096048,0.11160037,0.38450438,0.06052845,0.69818974,2,DoS,train
0.20702054,0.30207157,0.3941258,0.41660964,0.0016607076,0.112070374,0.86276454,0.0012330625,0.5081673,0.489502,0.33309415,0.43132702,0.7805811,0.8412037,0.26034853,0.32249045,0.24248286,0.4798634,0.68325835,0.22825287,0.33073574,0.93038464,0.048569288,0.4607696,0.71155804,0.15045401,0.04737402,0.13820536,0.9188232,0.009259782,0.18832198,0.031283513,4,Replay,train
0.11062947,0.6201493,0.24163891,0.5692121,0.59019536,0.8494353,0.004741393,0.8533695,0.6191191,0.16274348,0.7729374,0.8554915,0.2542635,0.9187937,0.45445743,0.60342443,0.98464954,0.3615361,0.81315935,0.31839913,0.7992135,0.60073394,0.2163557,0.41402608,0.31763563,0.07810839,0.02983477,0.34647864,0.019034147,0.16548775,0.7251833,0.70809126,3,GPS_Spoofing,train
0.7385804,0.3171532,0.8900195,0.5938305,0.12602635,0.14371866,0.69309545,0.17294393,0.5072927,0.9917745,0.004007605,0.016579801,0.9930846,0.58463883,0.12690997,0.8973022,0.8803803,0.5362004,0.621792,0.2731872,0.050519697,0.5945676,0.2947552,0.66362107,0.8362452,0.018160544,0.5957138,0.23128054,0.8738885,0.2536645,0.6107701,0.5535408,2,DoS,train
0.3961665,0.67762077,0.72576964,0.5669378,0.75842226,0.9834171,0.4192724,0.51458305,0.0124698775,0.79602855,0.52023005,0.40796143,0.09407196,0.8896564,0.39500725,0.6825816,0.14937416,0.96154964,0.17844176,0.19954199,0.85898286,0.91258276,0.21214741,0.4698009,0.7334949,0.87836576,0.3790527,0.5170195,0.7417164,0.73113596,0.7829601,0.56993383,2,DoS,train
0.1046151,0.9039733,0.8655725,0.79809743,0.09986248,0.20439737,0.74360037,0.023140095,0.9792246,0.3771447,0.71931255,0.8875711,0.3946299,0.31913248,0.6087411,0.58098936,0.40914,0.60177475,0.93538135,0.46764025,0.19674218,0.377206,0.39410698,0.13110869,0.1628715,0.6845621,0.33947775,0.9548984,0.24359675,0.0989245,0.7535046,0.88103604,5,Meas_Manipulation,train
0.27811337,0.2020881,0.18576613,0.5220123,0.46841663,0.25943983,0.045173116,0.48149133,0.95933235,0.6525192,0.49550655,0.11069208,0.25243628,0.29477394,0.7648035,0.8767108,0.90164185,0.9845686,0.9823667,0.9529991,0.071822144,0.13779354,0.30446652,0.5528982,0.09697789,0.84579694,0.6167562,0.5423644,0.16531132,0.2532555,0.16031203,0.8519332,3,GPS_Spoofing,train
0.58422786,0.7351294,0.29603288,0.37125263,0.40485495,0.76001495,0.772353,0.20681353,0.9415389,0.120655335,0.8961221,0.10039564,0.2645398,0.8464785,0.17949207,0.41356793,0.4498593,0.24525897,0.7102452,0.85133463,0.87457514,0.33932215,0.5308504,0.24840641,0.2447965,0.16125406,0.940019,0.8879888,0.7773587,0.5176615,0.49060792,0.52974564,3,GPS_Spoofing,train
0.536568,0.43456307,0.13175483,0.12566385,0.9522497,0.48203075,0.9532055,0.16357687,0.55441654,0.20771725,0.25318462,0.030054579,0.11895331,0.9168484,0.321533,0.6081292,0.46501413,0.40045124,0.5318861,0.18723895,0.9886039,0.8183079,0.74161464,0.4687593,0.15287712,0.92066586,0.34138706,0.05010669,0.34240368,0.794457,0.62270874,0.7508386,5,Meas_Manipulation,train
0.79363537,0.21195461,0.9237833,0.4379896,0.63901365,0.0023087726,0.9933685,0.2808964,0.062063105,0.45826206,0.12903006,0.1523267,0.6322828,0.39292738,0.92185247,0.3191565,0.72618014,0.46109942,0.6599513,0.5996954,0.47278398,0.9500611,0.34271365,0.1772355,0.6780941,0.8460076,0.04025374,0.44963267,0.8924877,0.7496186,0.9918077,0.5314138,0,Normal,train
0.65999573,0.30248028,0.9475356,0.36633548,0.7385107,0.40314022,0.56181896,0.71978253,0.50893414,0.9070863,0.41930097,0.6470718,0.34236243,0.40815666,0.4400501,0.12580702,0.09172368,0.66748995,0.65551776,0.6629097,0.019766446,0.32654685,0.19780985,0.7781514,0.8606304,0.24668038,0.6678492,0.1293628,0.27515253,0.1386545,0.28352076,0.67473656,0,Normal,train
0.9103269,0.20252241,0.54207903,0.7013911,0.95292246,0.61006045,0.25510693,0.62547815,0.32049116,0.9761284,0.39967614,0.6854277,0.023227582,0.40006146,0.8751076,0.61022747,0.44394287,0.9359375,0.85398436,0.32221568,0.5445484,0.48982427,0.6322025,0.33411127,0.244205,0.91267186,0.9238745,0.8433229,0.9782044,0.74499154,0.7646672,0.7625901,2,DoS,train
0.48060763,0.4564522,0.24022627,0.6448192,0.28932014,0.25780842,0.5859614,0.40998238,0.2188566,0.816056,0.8605699,0.16769952,0.0075070327,0.33612996,0.79751086,0.83917385,0.13832907,0.7743359,0.115704164,0.3900626,0.99860954,0.19259082,0.15396358,0.42280033,0.61966854,0.9329008,0.98082113,0.06964064,0.13799752,0.790738,0.27063215,0.8848491,1,FDI,train
0.6634533,0.1118448,0.8325293,0.17635638,0.42349538,0.55218494,0.50076616,0.6861629,0.6526867,0.992042,0.9994219,0.5164594,0.095199086,0.7278433,0.97666407,0.31832638,0.46120888,0.4247769,0.051419154,0.67226446,0.3533377,0.7874639,0.83212006,0.82123077,0.416666,0.3215457,0.7488208,0.80138946,0.49125746,0.893031,0.1439087,0.8790688,1,FDI,train
0.096095234,0.15352552,0.53384,0.06751848,0.0528071,0.0005187442,0.43631667,0.7746239,0.03483835,0.6522576,0.8231273,0.16800085,0.14686373,0.860801,0.8231246,0.53894174,0.81919986,0.09275608,0.3944815,0.73779756,0.25745195,0.75232893,0.5041786,0.750266,0.46467963,0.36790434,0.21918921,0.20837934,0.75149083,0.11891035,0.08598235,0.17629136,0,Normal,train
0.17534651,0.8231076,0.3985066,0.99038845,0.13721126,0.65353984,0.44872952,0.39291817,0.8750842,0.97559565,0.87285894,0.19230068,0.22079793,0.65607387,0.28908357,0.7347251,0.5664207,0.55090874,0.82854694,0.7105328,0.026577765,0.049459137,0.60155845,0.48619208,0.26018465,0.41865608,0.7579103,0.82661146,0.5612231,0.38536948,0.27069676,0.5219185,5,Meas_Manipulation,train
0.31474963,0.56409514,0.6766524,0.066079214,0.001067465,0.21227714,0.8945115,0.6462908,0.17196035,0.890264,0.46995595,0.47609174,0.9355419,0.05948669,0.21517828,0.5857713,0.19548652,0.679527,0.21409228,0.09915697,0.20698516,0.42273402,0.1761383,0.13469203,0.8602819,0.3203972,0.3607587,0.05527041,0.35736963,0.26480716,0.6104851,0.2053903,3,GPS_Spoofing,train
0.88836545,0.92966664,0.09983106,0.10740296,0.11532644,0.61956924,0.12196896,0.8523823,0.7542715,0.81980884,0.5260605,0.9966772,0.044175103,0.40126497,0.32393667,0.9486455,0.57686096,0.80619097,0.1703412,0.9786341,0.49863955,0.49367207,0.97088474,0.38073236,0.397525,0.5847527,0.1280526,0.32108563,0.19320832,0.10328348,0.8661446,0.58933115,4,Replay,train
0.3586728,0.40866938,0.431519,0.6331492,0.9267694,0.9327796,0.39149198,0.32926247,0.4510465,0.5679342,0.46181792,0.6587534,0.554399,0.32071555,0.3457308,0.3785928,0.09463977,0.16606264,0.7231138,0.3890967,0.21453898,0.56267244,0.75553954,0.25742236,0.82678986,0.92750484,0.5973945,0.66894764,0.05257599,0.94551986,0.39248472,0.9239004,0,Normal,train
0.5789775,0.004618799,0.038542,0.6804188,0.562668,0.026532438,0.74345994,0.8521453,0.4964175,0.46575743,0.005473109,0.7866497,0.33071607,0.8787636,0.37306058,0.5650779,0.27034178,0.16058831,0.7749079,0.49659047,0.53648794,0.96541595,0.9635799,0.85564214,0.1876093,0.5942727,0.8781474,0.37446395,0.10110617,0.8109629,0.48176354,0.5643927,2,DoS,train
0.9821443,0.6072114,0.4249794,0.36998436,0.4176193,0.11839908,0.7947506,0.8377169,0.28439713,0.30379662,0.8743343,0.023970356,0.52045745,0.4636757,0.6901268,0.1633917,0.6683307,0.37673402,0.61871475,0.04009501,0.4617272,0.5222509,0.2143264,0.13962366,0.1884743,0.34414107,0.09681015,0.9473198,0.40499407,0.8089696,0.97441715,0.08073528,3,GPS_Spoofing,train
0.65166944,0.87140906,0.6342344,0.42902613,0.43107635,0.035898887,0.53460073,0.99354297,0.9587075,0.040399227,0.705797,0.30176488,0.90298915,0.045114744,0.9358741,0.8374757,0.11750438,0.059824336,0.8347077,0.15575767,0.53489816,0.91574484,0.56744814,0.3972333,0.44501606,0.06311717,0.9687523,0.3106542,0.1893635,0.2860473,0.9643732,0.094286054,3,GPS_Spoofing,train
0.867303,0.7078439,0.8300192,0.97589755,0.8421547,0.9433823,0.12693526,0.7957886,0.5456757,0.5434956,0.89892155,0.97180384,0.70483834,0.48293838,0.45640385,0.38634145,0.36159903,0.39150685,0.08975323,0.07743608,0.77986985,0.4460729,0.9306845,0.612221,0.035175983,0.15752333,0.20581979,0.975736,0.21870422,0.51575565,0.93617696,0.97719276,4,Replay,train
0.23636043,0.049117643,0.15360183,0.06332848,0.19512424,0.5685697,0.9124488,0.53721887,0.62598956,0.20186725,0.8005836,0.6177889,0.8641368,0.9488431,0.34790078,0.090579055,0.22592896,0.43784156,0.9456937,0.37830982,0.77077323,0.5404767,0.18280877,0.3207341,0.65319186,0.6728534,0.43475974,0.22864561,0.7219068,0.16887304,0.9366697,0.18790358,4,Replay,train
0.10731237,0.4976477,0.5195496,0.5081929,0.4366675,0.9948149,0.48628062,0.47794658,0.42176607,0.066825755,0.5929566,0.22796777,0.637609,0.050833464,0.9813871,0.46900508,0.8967554,0.47556117,0.06033082,0.82221353,0.6481837,0.78175706,0.42816988,0.6379368,0.856229,0.6310654,0.34767362,0.6625296,0.6718542,0.96058697,0.3709123,0.42508176,2,DoS,train
0.81212294,0.50576234,0.7365731,0.45970947,0.21549514,0.74520385,0.13115516,0.19858366,0.626825,0.7472698,0.8946879,0.2725865,0.110724255,0.95604664,0.15442309,0.19766699,0.29132944,0.52939135,0.88282555,0.760546,0.70815754,0.17518057,0.35768265,0.47840494,0.14742595,0.2734297,0.30833322,0.1272762,0.5502397,0.7050282,0.069931634,0.4811231,4,Replay,train
0.7822112,0.74799013,0.8150731,0.44824064,0.82055706,0.24075307,0.36081055,0.17635557,0.46748453,0.39206,0.24092712,0.7517807,0.31384677,0.27280432,0.13089032,0.4388217,0.30296463,0.36927283,0.23599726,0.76315546,0.93000335,0.49793184,0.6429984,0.8671723,0.99882966,0.6135165,0.88977945,0.90860826,0.7914515,0.4609314,0.081154004,0.015805556,1,FDI,train
0.47720063,0.49431452,0.4073624,0.5681673,0.5521627,0.83661306,0.10865711,0.22517766,0.793005,0.84783685,0.99482423,0.872912,0.889899,0.31434795,0.40166163,0.2680851,0.6062994,0.93880534,0.34464088,0.55700177,0.29629964,0.16979997,0.19518553,0.057945345,0.9492935,0.4028796,0.83412087,0.6813295,0.19192116,0.17546225,0.8119882,0.2647117,0,Normal,train
